{
  "hash": "bf1520d2",
  "configHash": "8fa67a3b",
  "lockfileHash": "ee5710a4",
  "browserHash": "2dc0acec",
  "optimized": {
    "@angular/core": {
      "src": "../../../../../../node_modules/@angular/core/fesm2022/core.mjs",
      "file": "@angular_core.js",
      "fileHash": "33c8a847",
      "needsInterop": false
    },
    "@angular/platform-browser": {
      "src": "../../../../../../node_modules/@angular/platform-browser/fesm2022/platform-browser.mjs",
      "file": "@angular_platform-browser.js",
      "fileHash": "29b44bd7",
      "needsInterop": false
    },
    "@angular/router": {
      "src": "../../../../../../node_modules/@angular/router/fesm2022/router.mjs",
      "file": "@angular_router.js",
      "fileHash": "de8c84ab",
      "needsInterop": false
    },
    "@angular/common": {
      "src": "../../../../../../node_modules/@angular/common/fesm2022/common.mjs",
      "file": "@angular_common.js",
      "fileHash": "22256717",
      "needsInterop": false
    },
    "rxjs": {
      "src": "../../../../../../node_modules/rxjs/dist/esm5/index.js",
      "file": "rxjs.js",
      "fileHash": "74147749",
      "needsInterop": false
    }
  },
  "chunks": {
    "chunk-WYLJZU72": {
      "file": "chunk-WYLJZU72.js"
    },
    "chunk-523DVN4C": {
      "file": "chunk-523DVN4C.js"
    },
    "chunk-75ZCAQUU": {
      "file": "chunk-75ZCAQUU.js"
    },
    "chunk-5TID76VL": {
      "file": "chunk-5TID76VL.js"
    }
  }
}